feature_0,feature_1,feature_2,feature_3,feature_4,feature_5,feature_6,feature_7,feature_8,feature_9,feature_10,feature_11,feature_12,feature_13,feature_14,feature_15,feature_16,feature_17,feature_18,feature_19,feature_20,feature_21,feature_22,feature_23,feature_24,feature_25,feature_26,feature_27,feature_28,feature_29,feature_30,feature_31,feature_32,feature_33,label
0.4877637028694153,0.4036019444465637,0.49566787481307983,0.3804837465286255,0.5005793571472168,0.3799375891685486,0.5055111646652222,0.37915992736816406,0.48335567116737366,0.3785147964954376,0.4797459542751312,0.37697476148605347,0.4762301445007324,0.3755916655063629,0.5143746733665466,0.3771226704120636,0.4746818542480469,0.37224051356315613,0.49738168716430664,0.4185424745082855,0.4814256727695465,0.4166017770767212,0.5740513801574707,0.48804134130477905,0.4155721664428711,0.47094208002090454,0.5855354070663452,0.6303071975708008,0.3938812017440796,0.6200423836708069,0.5715469121932983,0.7605277895927429,0.4305208623409271,0.7574347257614136,suspicious
0.37142443656921387,0.3949686288833618,0.3776366710662842,0.37082841992378235,0.3825221657752991,0.3685125708580017,0.3877456784248352,0.36652857065200806,0.3664241433143616,0.3745693266391754,0.363606333732605,0.3746327757835388,0.3609815239906311,0.37449774146080017,0.40873393416404724,0.36418113112449646,0.3706547021865845,0.37200596928596497,0.3864890933036804,0.4111485183238983,0.37333571910858154,0.4162149131298065,0.49006032943725586,0.46415945887565613,0.3654661774635315,0.4763018786907196,0.542854905128479,0.6098507642745972,0.37259820103645325,0.6258952021598816,0.48955971002578735,0.7511256337165833,0.38460254669189453,0.7513576149940491,suspicious
0.3517058491706848,0.3939027786254883,0.35779333114624023,0.3714248239994049,0.3620010018348694,0.36913415789604187,0.36643701791763306,0.36678269505500793,0.3493783175945282,0.37391993403434753,0.34731656312942505,0.37319040298461914,0.3453127145767212,0.37226709723472595,0.38868290185928345,0.36145827174186707,0.35814860463142395,0.37026405334472656,0.3688856363296509,0.40878841280937195,0.35652437806129456,0.4108392000198364,0.4833524823188782,0.4506562650203705,0.36688292026519775,0.45740610361099243,0.5541011095046997,0.610878050327301,0.382230281829834,0.6078636050224304,0.4748460352420807,0.7479126453399658,0.38807570934295654,0.7514185309410095,suspicious
0.3767417073249817,0.3959530293941498,0.38231444358825684,0.3727060556411743,0.3870463967323303,0.37092477083206177,0.3925119638442993,0.3691551387310028,0.3748524487018585,0.3742827773094177,0.3739762008190155,0.3733750283718109,0.37322089076042175,0.3722817599773407,0.42077988386154175,0.3650745153427124,0.39406752586364746,0.3677673935890198,0.39578860998153687,0.41298165917396545,0.38421061635017395,0.41271594166755676,0.5171521902084351,0.46386808156967163,0.4182749390602112,0.4530210793018341,0.5836669206619263,0.6173044443130493,0.43788862228393555,0.6020030379295349,0.5093029141426086,0.7551634907722473,0.4210461676120758,0.7454417943954468,suspicious
0.3809412121772766,0.3900522291660309,0.3845509886741638,0.3652316927909851,0.3881286680698395,0.36364689469337463,0.39216527342796326,0.36196646094322205,0.37757325172424316,0.36633312702178955,0.3764131963253021,0.3654724359512329,0.37533795833587646,0.36454710364341736,0.4179939329624176,0.3584368824958801,0.39305052161216736,0.3630703389644623,0.3992898762226105,0.406644731760025,0.3880724608898163,0.40758848190307617,0.5069471001625061,0.4623080790042877,0.42477813363075256,0.4466557502746582,0.5727474689483643,0.6073736548423767,0.45183315873146057,0.5960708260536194,0.5135224461555481,0.7509875893592834,0.42930787801742554,0.7347619533538818,suspicious
0.36327698826789856,0.4092318117618561,0.3643037676811218,0.3847956359386444,0.36776962876319885,0.382377564907074,0.3715417981147766,0.37997061014175415,0.35725730657577515,0.38852444291114807,0.35572630167007446,0.38841933012008667,0.3541831374168396,0.3883165717124939,0.3927479088306427,0.3731292486190796,0.36652129888534546,0.38380059599876404,0.3799399733543396,0.41831305623054504,0.36972060799598694,0.4229165017604828,0.4740755558013916,0.4694889485836029,0.4126955568790436,0.4564087986946106,0.5237816572189331,0.6187387704849243,0.44849681854248047,0.5947840213775635,0.45271024107933044,0.7437997460365295,0.42707666754722595,0.717525839805603,suspicious
0.3356572985649109,0.41663849353790283,0.3366183638572693,0.3949139714241028,0.3392946124076843,0.3932405114173889,0.34235912561416626,0.39151516556739807,0.33301132917404175,0.39680153131484985,0.3330954611301422,0.39636707305908203,0.33333858847618103,0.39594894647598267,0.36476337909698486,0.38572701811790466,0.3535671830177307,0.39090627431869507,0.35105618834495544,0.42809268832206726,0.34604960680007935,0.43225327134132385,0.43180689215660095,0.4721575975418091,0.41695675253868103,0.4501361846923828,0.48043352365493774,0.6183831691741943,0.4346107542514801,0.5429657101631165,0.42096829414367676,0.729153573513031,0.38470789790153503,0.5788301229476929,suspicious
0.3418663442134857,0.41935116052627563,0.34516599774360657,0.396749883890152,0.34929677844047546,0.39448967576026917,0.35381677746772766,0.392212837934494,0.3376639485359192,0.3997335135936737,0.33636265993118286,0.3995295763015747,0.33515211939811707,0.39927738904953003,0.37534093856811523,0.3880806267261505,0.3497658371925354,0.3945104777812958,0.35859352350234985,0.4323328137397766,0.34979739785194397,0.4356187880039215,0.46312394738197327,0.490788072347641,0.39091378450393677,0.46505096554756165,0.5239630937576294,0.6302197575569153,0.4290267527103424,0.596161961555481,0.44539350271224976,0.7472949624061584,0.41109567880630493,0.7266365885734558,suspicious
0.3829266428947449,0.436763197183609,0.3939282298088074,0.41033560037612915,0.399860680103302,0.40894392132759094,0.406791627407074,0.407991498708725,0.3842983841896057,0.41391292214393616,0.38341864943504333,0.41322585940361023,0.3822453022003174,0.41248252987861633,0.4309772551059723,0.4111707806587219,0.39951851963996887,0.41311705112457275,0.40288829803466797,0.45238909125328064,0.38998571038246155,0.4540087878704071,0.5170705914497375,0.5101158618927002,0.40222683548927307,0.4888940751552582,0.5870834589004517,0.65181964635849,0.4124983251094818,0.6332821249961853,0.5343672633171082,0.7946586608886719,0.40181979537010193,0.7669537663459778,suspicious
0.49546098709106445,0.5098958611488342,0.5018129348754883,0.4852369725704193,0.5078750848770142,0.4827158749103546,0.5139464139938354,0.4803885221481323,0.4846552312374115,0.4885668456554413,0.47863808274269104,0.48838675022125244,0.4724429249763489,0.4883509576320648,0.5226421356201172,0.46433237195014954,0.4643913209438324,0.47790879011154175,0.5078654885292053,0.5142894387245178,0.4889048635959625,0.5184933543205261,0.5845188498497009,0.5000386238098145,0.43115654587745667,0.5142853260040283,0.6277462244033813,0.6686370968818665,0.4142112731933594,0.6523237824440002,0.5993859767913818,0.8266865015029907,0.43660861253738403,0.8030458688735962,suspicious
0.5792216658592224,0.5109124779701233,0.586995005607605,0.4977717995643616,0.5916602611541748,0.5003679394721985,0.597206711769104,0.4995153546333313,0.5732377767562866,0.48979517817497253,0.567184567451477,0.48699113726615906,0.5621354579925537,0.4791146218776703,0.6023515462875366,0.48789066076278687,0.5509292483329773,0.4675409197807312,0.5761408805847168,0.5251667499542236,0.5612385272979736,0.5229947566986084,0.6333203315734863,0.535815417766571,0.4804975092411041,0.5051689743995667,0.6600556373596191,0.670113742351532,0.43030720949172974,0.6532962918281555,0.6080946326255798,0.8049352169036865,0.4931233525276184,0.7818355560302734,suspicious
0.6049358248710632,0.48442381620407104,0.6146496534347534,0.46076855063438416,0.6181192398071289,0.4608880281448364,0.6215224862098694,0.4608743488788605,0.6018831133842468,0.4536997973918915,0.5958826541900635,0.4481487274169922,0.5893200635910034,0.44169703125953674,0.6180219054222107,0.45768532156944275,0.5699421167373657,0.43187516927719116,0.6021391153335571,0.49912136793136597,0.5863286256790161,0.49570396542549133,0.6376482248306274,0.5373967885971069,0.47593197226524353,0.4989306330680847,0.6359466910362244,0.6778175830841064,0.42767682671546936,0.6557155847549438,0.6141188144683838,0.7978464365005493,0.5306992530822754,0.7621988654136658,suspicious
0.5853837132453918,0.49654194712638855,0.5948328375816345,0.4737275540828705,0.59862220287323,0.47348445653915405,0.6019047498703003,0.4731441140174866,0.5806653499603271,0.46841421723365784,0.5745058059692383,0.46425899863243103,0.5678843855857849,0.45968198776245117,0.5980781316757202,0.4694594442844391,0.5487788915634155,0.4507223963737488,0.5835615396499634,0.5095826387405396,0.5682509541511536,0.5053973197937012,0.6127316355705261,0.5546610355377197,0.4578455090522766,0.5212914347648621,0.6200329065322876,0.6789834499359131,0.3989068269729614,0.6710526943206787,0.6109198331832886,0.7942778468132019,0.4980551600456238,0.781636655330658,suspicious
0.6111031770706177,0.5425622463226318,0.6157554388046265,0.5183343887329102,0.6170021295547485,0.5180864930152893,0.6178747415542603,0.5176401734352112,0.606640100479126,0.5134816765785217,0.6010614633560181,0.5098079442977905,0.5944994688034058,0.5062525272369385,0.6023663282394409,0.5113834142684937,0.5708431601524353,0.5016422271728516,0.6039623022079468,0.5564597845077515,0.5928502678871155,0.5532680153846741,0.6009204387664795,0.5796902179718018,0.474030077457428,0.5667688250541687,0.6044036149978638,0.7034006714820862,0.4276924729347229,0.7329357266426086,0.60597163438797,0.8237682580947876,0.5427038073539734,0.8249902129173279,suspicious
0.626374363899231,0.5263619422912598,0.6308817863464355,0.5066916346549988,0.632174015045166,0.5065752863883972,0.6331666111946106,0.5063554048538208,0.6227797269821167,0.5009325742721558,0.6179041266441345,0.49659377336502075,0.6122929453849792,0.49180591106414795,0.6183809041976929,0.5028888583183289,0.5881714224815369,0.48338574171066284,0.6183581948280334,0.5411846041679382,0.6073541641235352,0.5354329347610474,0.6037522554397583,0.5727859139442444,0.4813082814216614,0.5523345470428467,0.6008053421974182,0.69162917137146,0.4324502944946289,0.7299304604530334,0.6051236391067505,0.8078899383544922,0.5445526838302612,0.8224466443061829,suspicious
0.6374652981758118,0.5235852599143982,0.6417950987815857,0.5014771223068237,0.642753005027771,0.5013917088508606,0.6435146927833557,0.5009014010429382,0.6344481110572815,0.49471282958984375,0.6301718950271606,0.4898623824119568,0.6254768967628479,0.48471546173095703,0.6286624073982239,0.4968290328979492,0.6058680415153503,0.4762546718120575,0.6272763013839722,0.5381398797035217,0.617566704750061,0.5306049585342407,0.6006802320480347,0.5691385865211487,0.49573105573654175,0.5425405502319336,0.5874507427215576,0.6887347102165222,0.4458475112915039,0.7184559106826782,0.6155203580856323,0.8018917441368103,0.5601749420166016,0.8122174143791199,suspicious
0.5546844601631165,0.5561957955360413,0.5655409097671509,0.5272268056869507,0.5711488723754883,0.52800452709198,0.5770577788352966,0.5233265161514282,0.5470157861709595,0.5249161720275879,0.5400723218917847,0.5222405195236206,0.5331523418426514,0.5194088220596313,0.5851221084594727,0.5099624991416931,0.5202389359474182,0.49955806136131287,0.5629714727401733,0.5590059161186218,0.5465738773345947,0.5581422448158264,0.6132298707962036,0.5538116097450256,0.4505220949649811,0.5425209403038025,0.6259175539016724,0.6730630993843079,0.4084619879722595,0.6990705728530884,0.6274920701980591,0.796847939491272,0.48994049429893494,0.7922240495681763,suspicious
0.5026624202728271,0.5575942397117615,0.5168535113334656,0.5278810858726501,0.5249184370040894,0.5271876454353333,0.5332550406455994,0.5264894962310791,0.4950726628303528,0.5241469144821167,0.4902016520500183,0.519964873790741,0.48486894369125366,0.5143760442733765,0.5426588654518127,0.5061074495315552,0.4799653887748718,0.49930617213249207,0.5163449048995972,0.5600173473358154,0.49601203203201294,0.5578155517578125,0.6010143756866455,0.5498641729354858,0.422759473323822,0.540421724319458,0.6398440003395081,0.7020959258079529,0.38564953207969666,0.7082546353340149,0.6052249073982239,0.8299567699432373,0.4459512233734131,0.8135387301445007,suspicious
0.4658324718475342,0.5193016529083252,0.47140318155288696,0.4905373752117157,0.4784706234931946,0.48676252365112305,0.48499149084091187,0.4818579852581024,0.4527455270290375,0.4915327727794647,0.446749746799469,0.4889962077140808,0.44073134660720825,0.4855768382549286,0.49524933099746704,0.4591764211654663,0.4338622987270355,0.4664808511734009,0.4778323173522949,0.5218112468719482,0.4588058590888977,0.5312373638153076,0.5625690817832947,0.5211339592933655,0.3813607096672058,0.5377925634384155,0.6316989660263062,0.6995514035224915,0.3601422905921936,0.7081121802330017,0.5754998922348022,0.8209983110427856,0.40391093492507935,0.827430784702301,suspicious
0.4504302442073822,0.4858599603176117,0.46030616760253906,0.4545287489891052,0.46868109703063965,0.4515625834465027,0.47624635696411133,0.4480079412460327,0.4403459131717682,0.4557427763938904,0.4359579086303711,0.45358121395111084,0.4320093095302582,0.45113345980644226,0.4928877353668213,0.4307297468185425,0.43312495946884155,0.4394262731075287,0.4697088301181793,0.4981142580509186,0.44550856947898865,0.5016378164291382,0.572311282157898,0.5212987065315247,0.3913061320781708,0.518491804599762,0.6379657983779907,0.6871511340141296,0.36859768629074097,0.6750552654266357,0.5722328424453735,0.8135859370231628,0.3979170024394989,0.8184003829956055,suspicious
0.472726434469223,0.48599061369895935,0.476703017950058,0.4552178978919983,0.4836809039115906,0.45177367329597473,0.49121037125587463,0.44783350825309753,0.4613687992095947,0.45710620284080505,0.4567289352416992,0.45579859614372253,0.45239177346229553,0.45413151383399963,0.5118046998977661,0.4316798448562622,0.4522534906864166,0.43978676199913025,0.4928158223628998,0.4982704520225525,0.469710111618042,0.5022921562194824,0.5991525650024414,0.5148552656173706,0.42246365547180176,0.5221874713897705,0.6755636930465698,0.6695210933685303,0.414534330368042,0.6765434741973877,0.5970934629440308,0.77953040599823,0.4445389211177826,0.8103072643280029,suspicious
0.3705088496208191,0.5691244006156921,0.37214571237564087,0.543717622756958,0.37852057814598083,0.5405922532081604,0.38493579626083374,0.5368941426277161,0.35741597414016724,0.546451985836029,0.35322028398513794,0.544514000415802,0.349184513092041,0.5430866479873657,0.404807984828949,0.5160655975341797,0.3570498824119568,0.528404176235199,0.3933142125606537,0.5769550204277039,0.37610429525375366,0.5810679197311401,0.503800630569458,0.5512447953224182,0.3613456189632416,0.5713685750961304,0.5802906155586243,0.7482749223709106,0.36530280113220215,0.7308542728424072,0.46618446707725525,0.854636549949646,0.3724631369113922,0.8614407777786255,suspicious
0.33158326148986816,0.5794489979743958,0.3331080377101898,0.5531836152076721,0.33825352787971497,0.5507749319076538,0.34386372566223145,0.5476572513580322,0.32271331548690796,0.5553600788116455,0.3204089105129242,0.5543992519378662,0.31821516156196594,0.5529713034629822,0.3666905462741852,0.528661847114563,0.33243528008461,0.5353904366493225,0.3513016402721405,0.5889622569084167,0.3381112217903137,0.5924707055091858,0.4655889570713043,0.5897372364997864,0.34761348366737366,0.5945607423782349,0.5459925532341003,0.7516441941261292,0.35600611567497253,0.7478144764900208,0.4348095953464508,0.855672299861908,0.3401244282722473,0.872269868850708,suspicious
0.3656083345413208,0.5501773953437805,0.37502628564834595,0.5223314762115479,0.3794953525066376,0.5207284092903137,0.3868945837020874,0.519225001335144,0.3645898997783661,0.5211865901947021,0.3634342551231384,0.5191323161125183,0.36219602823257446,0.5170461535453796,0.405120313167572,0.5068925023078918,0.37212496995925903,0.5095387101173401,0.37972375750541687,0.5596895813941956,0.3671414256095886,0.5614345073699951,0.4819602370262146,0.5570594668388367,0.34869441390037537,0.56633061170578,0.5446141958236694,0.7376972436904907,0.3617013692855835,0.7171964645385742,0.4520019590854645,0.8312037587165833,0.3545507788658142,0.8334249258041382,suspicious
0.44465237855911255,0.6484223008155823,0.4470074772834778,0.6281624436378479,0.45272040367126465,0.6234620809555054,0.4573308527469635,0.6197217106819153,0.43411579728126526,0.6320363879203796,0.4300139546394348,0.6312416195869446,0.42593511939048767,0.6305539608001709,0.46778711676597595,0.5879154205322266,0.4218234419822693,0.6059419512748718,0.45674118399620056,0.6392834186553955,0.4441620409488678,0.644426167011261,0.544575035572052,0.567390501499176,0.3858177661895752,0.614399254322052,0.6005947589874268,0.7203275561332703,0.37135806679725647,0.7525614500045776,0.5717522501945496,0.8349542617797852,0.43565964698791504,0.8615718483924866,suspicious
0.49576911330223083,0.6953040361404419,0.49328604340553284,0.6999076008796692,0.49319952726364136,0.7023947238922119,0.49772024154663086,0.7049118876457214,0.5003513097763062,0.6899054050445557,0.5035973787307739,0.6857944130897522,0.5070172548294067,0.6817774176597595,0.4928587079048157,0.6980324983596802,0.5129068493843079,0.6678775548934937,0.4926813542842865,0.6897076964378357,0.5013397336006165,0.6798255443572998,0.4602353572845459,0.6707460880279541,0.5343886613845825,0.597514271736145,0.5264719128608704,0.7823855876922607,0.5835962295532227,0.7053301930427551,0.5970955491065979,0.8822823762893677,0.6139088869094849,0.8543380498886108,suspicious
0.5920397639274597,0.7073725461959839,0.597366452217102,0.7004534602165222,0.6005768179893494,0.6949509382247925,0.6037944555282593,0.689948320388794,0.587923526763916,0.7035818696022034,0.5840262174606323,0.7047213912010193,0.5802733898162842,0.7061602473258972,0.5998352766036987,0.6595499515533447,0.5621066093444824,0.69297194480896,0.5900839567184448,0.6966636776924133,0.5799638628959656,0.7013572454452515,0.5723270177841187,0.5854870080947876,0.48741498589515686,0.6890614032745361,0.6154882311820984,0.6843745112419128,0.5084468126296997,0.8200865387916565,0.6612722873687744,0.8037459850311279,0.6144166588783264,0.8860059976577759,suspicious
0.5373163819313049,0.6296918988227844,0.5483722686767578,0.6068138480186462,0.5563164353370667,0.602657675743103,0.5648905634880066,0.5986985564231873,0.5283936858177185,0.6147226691246033,0.5217347741127014,0.615413248538971,0.5154113173484802,0.6161565780639648,0.5734632015228271,0.5703123211860657,0.5003225803375244,0.5974345803260803,0.5448559522628784,0.622633159160614,0.5234777927398682,0.6293204426765442,0.5955108404159546,0.5368248224258423,0.437465101480484,0.5985100269317627,0.6376984119415283,0.6462048888206482,0.42646750807762146,0.7333555221557617,0.6399102210998535,0.8096820712089539,0.517707347869873,0.8461271524429321,suspicious
0.48102250695228577,0.5729643702507019,0.4889128804206848,0.5519126057624817,0.4964016079902649,0.5508930683135986,0.5056382417678833,0.5571396946907043,0.47003108263015747,0.5458220839500427,0.46450814604759216,0.5412181615829468,0.4589947760105133,0.5356507897377014,0.5186772346496582,0.5295454859733582,0.45193177461624146,0.517833411693573,0.49154406785964966,0.5769824385643005,0.472249835729599,0.5756322741508484,0.5832419991493225,0.5682696104049683,0.397705614566803,0.5588118433952332,0.6272158622741699,0.7351790070533752,0.36735036969184875,0.7201521992683411,0.5599750876426697,0.8372098803520203,0.4110327661037445,0.8489825129508972,suspicious
0.4554039537906647,0.5372121334075928,0.4655921459197998,0.5124447345733643,0.4744538366794586,0.510726273059845,0.4833182692527771,0.5078365206718445,0.44488525390625,0.5093203783035278,0.4389626979827881,0.5064830780029297,0.43329206109046936,0.5030577778816223,0.5017139911651611,0.4854283034801483,0.4284992218017578,0.4872160255908966,0.46730518341064453,0.5515986680984497,0.44770359992980957,0.5473535656929016,0.5662883520126343,0.5571944713592529,0.38526731729507446,0.5468814969062805,0.6249090433120728,0.7334581613540649,0.3666207194328308,0.7065337896347046,0.5398687124252319,0.8332464694976807,0.4028623700141907,0.8459094166755676,suspicious
0.44580015540122986,0.5323105454444885,0.45415180921554565,0.500512421131134,0.47037190198898315,0.5021550059318542,0.47846120595932007,0.5016180872917175,0.43397513031959534,0.49815648794174194,0.4278540015220642,0.4943324327468872,0.4222220480442047,0.4902946650981903,0.49396008253097534,0.48272594809532166,0.41990646719932556,0.4751119017601013,0.4589645266532898,0.5411710143089294,0.44040051102638245,0.5400198698043823,0.5599756240844727,0.5449540615081787,0.38177257776260376,0.5411646962165833,0.626248836517334,0.7277604937553406,0.36656633019447327,0.69825279712677,0.531926155090332,0.824240505695343,0.39992544054985046,0.837228000164032,suspicious
0.4983890950679779,0.5746501088142395,0.5098365545272827,0.547865092754364,0.5167557597160339,0.5458682775497437,0.5237011313438416,0.5440499186515808,0.4902520775794983,0.5484387874603271,0.4833642542362213,0.5467789173126221,0.47653883695602417,0.5451424717903137,0.5344358682632446,0.5213627219200134,0.46478134393692017,0.5224969387054443,0.5095728039741516,0.5706506371498108,0.48610836267471313,0.5743682384490967,0.5851885080337524,0.5500395894050598,0.41098761558532715,0.5424655079841614,0.6357001066207886,0.7211148738861084,0.3801098167896271,0.7179888486862183,0.5806017518043518,0.8286932706832886,0.4395068287849426,0.838099479675293,suspicious
0.5295419692993164,0.6102015376091003,0.5402547717094421,0.5929993391036987,0.5457810163497925,0.5924201607704163,0.551227331161499,0.5907773971557617,0.5237613320350647,0.586648166179657,0.5170539617538452,0.5816466808319092,0.5099836587905884,0.5765828490257263,0.5611286163330078,0.5691009163856506,0.49509429931640625,0.5563734769821167,0.5339258909225464,0.6157236099243164,0.5180199146270752,0.6122656464576721,0.6018766164779663,0.5985862612724304,0.43106764554977417,0.5903103947639465,0.637082576751709,0.7595811486244202,0.39489078521728516,0.7641175389289856,0.5978007912635803,0.8646881580352783,0.46319085359573364,0.8842533826828003,suspicious
0.5616589784622192,0.6042960286140442,0.569331169128418,0.5815134644508362,0.573333740234375,0.578833281993866,0.5826066732406616,0.5792666673660278,0.5584405660629272,0.5816424489021301,0.5537227392196655,0.5791547298431396,0.548824667930603,0.5761550664901733,0.5735889673233032,0.5603493452072144,0.5223080515861511,0.5509986877441406,0.5577540397644043,0.6114808917045593,0.544856607913971,0.6080999970436096,0.5891672372817993,0.5902408957481384,0.4354100227355957,0.6002658605575562,0.6137116551399231,0.7074891924858093,0.3973023295402527,0.7631507515907288,0.6146396398544312,0.8259564638137817,0.48258596658706665,0.8649599552154541,suspicious
0.5722024440765381,0.4943614602088928,0.5792952179908752,0.4878767728805542,0.5810896158218384,0.489050954580307,0.5824259519577026,0.490058571100235,0.5750303864479065,0.47818851470947266,0.5724120140075684,0.4737967252731323,0.5697166323661804,0.4701928496360779,0.5686420202255249,0.48069608211517334,0.546146035194397,0.4477440416812897,0.5597904324531555,0.5024309158325195,0.55499666929245,0.49329623579978943,0.547093391418457,0.5083045363426208,0.46020427346229553,0.46093136072158813,0.5767741203308105,0.5948545336723328,0.4469732642173767,0.5620070695877075,0.6267090439796448,0.6109869480133057,0.5270112156867981,0.48520198464393616,suspicious
0.5445441007614136,0.5134784579277039,0.5527985692024231,0.5007346868515015,0.5542758703231812,0.501451849937439,0.5555770993232727,0.5021937489509583,0.5453421473503113,0.49372169375419617,0.5424104928970337,0.4893597662448883,0.5384079217910767,0.48501402139663696,0.543822169303894,0.4879366159439087,0.5212011337280273,0.46234533190727234,0.5375983715057373,0.5174434781074524,0.5291648507118225,0.5084800124168396,0.5351034998893738,0.5226091742515564,0.4627091884613037,0.4707515835762024,0.5371248126029968,0.6297191977500916,0.439119428396225,0.5541568398475647,0.5587453842163086,0.6835554242134094,0.531542181968689,0.4895140826702118,suspicious
0.5567554831504822,0.551500141620636,0.5708295106887817,0.5422197580337524,0.5735840797424316,0.5418501496315002,0.5757712125778198,0.5406294465065002,0.5611521601676941,0.5358429551124573,0.5598898530006409,0.5200302600860596,0.556323766708374,0.5150122046470642,0.5676634907722473,0.5209730267524719,0.5400155782699585,0.48621666431427,0.5517663359642029,0.5499749779701233,0.5406799912452698,0.5438840985298157,0.5532479882240295,0.5346623063087463,0.46146297454833984,0.48531854152679443,0.6153360605239868,0.6286909580230713,0.42002391815185547,0.6015475392341614,0.6144359111785889,0.5661613941192627,0.5252267718315125,0.5059247612953186,suspicious
0.5758203268051147,0.48904892802238464,0.5850083827972412,0.47059065103530884,0.585622251033783,0.472040057182312,0.587565004825592,0.47142258286476135,0.5779669284820557,0.46214449405670166,0.5742112398147583,0.4573764204978943,0.5689829587936401,0.4391866624355316,0.578186571598053,0.4549064040184021,0.5541045665740967,0.42706581950187683,0.5650134682655334,0.4991453289985657,0.5594013929367065,0.4875970780849457,0.5753743052482605,0.5181180834770203,0.4725493788719177,0.46566683053970337,0.5889979004859924,0.6291849613189697,0.4200479984283447,0.5823746919631958,0.6313430070877075,0.5915010571479797,0.5243133306503296,0.48264849185943604,suspicious
0.5709542632102966,0.4586614966392517,0.5805644392967224,0.4489615857601166,0.5826588273048401,0.44974929094314575,0.5844328999519348,0.44966256618499756,0.5662426948547363,0.43580105900764465,0.5616967082023621,0.43160298466682434,0.5558568835258484,0.4266214370727539,0.5791105031967163,0.44416919350624084,0.5479869842529297,0.4159194529056549,0.5696509480476379,0.4732355773448944,0.5605604648590088,0.4653826951980591,0.5794088840484619,0.5052160620689392,0.477532297372818,0.4521021544933319,0.6378807425498962,0.6157686710357666,0.40941715240478516,0.5517873167991638,0.6266183257102966,0.5282576084136963,0.5057659149169922,0.4528258144855499,suspicious
0.5666507482528687,0.5021378993988037,0.574405312538147,0.48775213956832886,0.577445924282074,0.4876619279384613,0.5805194973945618,0.4873161017894745,0.5630627870559692,0.48177534341812134,0.5577021241188049,0.47680866718292236,0.552107572555542,0.4711662828922272,0.5762304067611694,0.4764159321784973,0.5358138084411621,0.4535563290119171,0.5639970302581787,0.5092970728874207,0.5527580976486206,0.5019764304161072,0.5787688493728638,0.5113387107849121,0.4711557924747467,0.46486636996269226,0.6379001140594482,0.6259372234344482,0.39925330877304077,0.5721260905265808,0.6485974788665771,0.5623550415039062,0.4930337071418762,0.4749351441860199,suspicious
0.5699321031570435,0.5404544472694397,0.5785409212112427,0.5268098711967468,0.582084059715271,0.5289795398712158,0.585231363773346,0.5299443602561951,0.5674659013748169,0.5174826383590698,0.5618859529495239,0.5194146037101746,0.5572161078453064,0.5139123797416687,0.5814412236213684,0.514037549495697,0.5424036383628845,0.48386237025260925,0.5646766424179077,0.5430270433425903,0.5557371973991394,0.5307941436767578,0.5867820978164673,0.5289036631584167,0.4785941243171692,0.4725787043571472,0.6280900239944458,0.6346634030342102,0.4394460618495941,0.5777463912963867,0.6445163488388062,0.6011661291122437,0.524010956287384,0.48345866799354553,suspicious
0.562384843826294,0.5067236423492432,0.5746756792068481,0.49798110127449036,0.5792160034179688,0.4993273615837097,0.5857008695602417,0.4939112365245819,0.5605584383010864,0.4912544786930084,0.5558168888092041,0.4861544966697693,0.5493544340133667,0.4779911935329437,0.5824985504150391,0.48226991295814514,0.5380388498306274,0.45828959345817566,0.5691558122634888,0.5231669545173645,0.5519474744796753,0.5127161741256714,0.5918713212013245,0.5241417288780212,0.47671741247177124,0.47167226672172546,0.6242973208427429,0.6295751333236694,0.4102597236633301,0.6088345050811768,0.6375366449356079,0.6093632578849792,0.5090913772583008,0.5021957159042358,suspicious
0.49517983198165894,0.350975900888443,0.5012243986129761,0.3338727056980133,0.5044219493865967,0.33446794748306274,0.5090348124504089,0.3365834057331085,0.4900658130645752,0.3302227854728699,0.48540085554122925,0.3280639350414276,0.481942355632782,0.32698971033096313,0.5061390995979309,0.3391389548778534,0.47296541929244995,0.3285894989967346,0.49965277314186096,0.37028199434280396,0.4827674329280853,0.36360642313957214,0.5505957007408142,0.4152244031429291,0.4047701358795166,0.3967236280441284,0.6437869071960449,0.4625013768672943,0.30712586641311646,0.4299994707107544,0.7055584192276001,0.4822794198989868,0.3465759754180908,0.368254691362381,suspicious
0.3768366277217865,0.3197915256023407,0.37878042459487915,0.29370173811912537,0.3840728998184204,0.2899359464645386,0.38981348276138306,0.2863768935203552,0.36559098958969116,0.30452653765678406,0.36146220564842224,0.3081759512424469,0.35772526264190674,0.31176820397377014,0.409140408039093,0.28632113337516785,0.3630237579345703,0.319742888212204,0.39733198285102844,0.3320446014404297,0.37949928641319275,0.3440442979335785,0.516279399394989,0.3643375039100647,0.3777763247489929,0.4393957555294037,0.6248630285263062,0.3812902271747589,0.3388912081718445,0.5215217471122742,0.7257236838340759,0.3703807592391968,0.2873452305793762,0.4211195409297943,suspicious
0.3638250231742859,0.2572004199028015,0.36731061339378357,0.23195050656795502,0.37340715527534485,0.2277555763721466,0.38020139932632446,0.22354276478290558,0.3545319437980652,0.24190865457057953,0.35101428627967834,0.2450539916753769,0.3475673794746399,0.24838802218437195,0.40174436569213867,0.22361110150814056,0.3547282814979553,0.2567286491394043,0.3848499655723572,0.2690626084804535,0.36644303798675537,0.28090694546699524,0.498528391122818,0.3072863221168518,0.3685956597328186,0.38813650608062744,0.613148033618927,0.3348679840564728,0.3182186186313629,0.4470566511154175,0.7290894985198975,0.34488317370414734,0.28826192021369934,0.3144734799861908,suspicious
0.4207279682159424,0.22541357576847076,0.4277763366699219,0.20592600107192993,0.4322304129600525,0.20608621835708618,0.4365001320838928,0.20640499889850616,0.4105752408504486,0.20979173481464386,0.40362825989723206,0.21241797506809235,0.39646250009536743,0.21530301868915558,0.44717103242874146,0.21759985387325287,0.3894718289375305,0.235649973154068,0.4349268078804016,0.24703814089298248,0.4111487865447998,0.2516273260116577,0.5298208594322205,0.3341018259525299,0.36828839778900146,0.3719068765640259,0.6149358749389648,0.43356385827064514,0.2556300163269043,0.3750390410423279,0.6807607412338257,0.4971660077571869,0.3247455656528473,0.2488280087709427,suspicious
0.404474675655365,0.2262142151594162,0.4125698208808899,0.20912037789821625,0.42011547088623047,0.2082500457763672,0.42721667885780334,0.20782190561294556,0.39274439215660095,0.21494200825691223,0.38679376244544983,0.21797288954257965,0.3818642497062683,0.22104860842227936,0.44006720185279846,0.2198755443096161,0.38224688172340393,0.24027250707149506,0.4246271550655365,0.24776285886764526,0.39707547426223755,0.2539578080177307,0.529000461101532,0.3412778973579407,0.3618709146976471,0.383243590593338,0.6070882081985474,0.44055721163749695,0.24442295730113983,0.3954433798789978,0.698388397693634,0.4970085918903351,0.30279600620269775,0.2608194947242737,suspicious
0.4437810480594635,0.20757006108760834,0.4506092071533203,0.19149701297283173,0.4552518427371979,0.1925547569990158,0.4603654742240906,0.19373370707035065,0.43595457077026367,0.19163522124290466,0.43045347929000854,0.1924467533826828,0.42363008856773376,0.19372721016407013,0.4713863432407379,0.21360589563846588,0.4118220806121826,0.21581800282001495,0.4542219042778015,0.2362748235464096,0.4347226619720459,0.23504719138145447,0.5367406606674194,0.36247411370277405,0.3658568263053894,0.3522852957248688,0.6082905530929565,0.480204313993454,0.2529143691062927,0.32440707087516785,0.6856647729873657,0.5468896627426147,0.33061736822128296,0.20368818938732147,suspicious
0.5133571028709412,0.20615075528621674,0.5174053311347961,0.1928689181804657,0.5214648246765137,0.1963825523853302,0.5252334475517273,0.19969160854816437,0.502874493598938,0.19069822132587433,0.49639415740966797,0.19075559079647064,0.49053874611854553,0.190504252910614,0.5231050848960876,0.2194226235151291,0.47589224576950073,0.20617936551570892,0.5157767534255981,0.23422349989414215,0.4985211491584778,0.23231033980846405,0.5538073182106018,0.3885841369628906,0.396331787109375,0.32736441493034363,0.5862265825271606,0.5531864762306213,0.28803175687789917,0.24122492969036102,0.6447089910507202,0.6637141108512878,0.37474822998046875,0.15730927884578705,suspicious
0.5203114151954651,0.21093672513961792,0.5284894108772278,0.19688335061073303,0.5333226919174194,0.20003488659858704,0.5377317667007446,0.20297221839427948,0.5127503871917725,0.1921507865190506,0.5071431398391724,0.19132228195667267,0.5016003847122192,0.19026538729667664,0.5407432317733765,0.22099855542182922,0.49245041608810425,0.20466309785842896,0.5248183608055115,0.23728233575820923,0.5072540044784546,0.2336556613445282,0.5650426149368286,0.38840264081954956,0.4128400683403015,0.3173014521598816,0.5950056314468384,0.5540134906768799,0.3097892105579376,0.24070483446121216,0.6551882028579712,0.6621795892715454,0.39090049266815186,0.1582602858543396,suspicious
0.5290564298629761,0.2177547961473465,0.5404201745986938,0.20425738394260406,0.5455868244171143,0.20692113041877747,0.5504773259162903,0.20938995480537415,0.526755690574646,0.19858895242214203,0.5223382711410522,0.19740745425224304,0.5180199146270752,0.19623541831970215,0.5518268346786499,0.2231447994709015,0.5099607110023499,0.20864079892635345,0.5321308374404907,0.24171225726604462,0.517734706401825,0.2375010997056961,0.566949725151062,0.38696613907814026,0.4446698725223541,0.32184556126594543,0.5787597298622131,0.5548392534255981,0.3832123279571533,0.21001823246479034,0.6243768334388733,0.6819866895675659,0.4107840061187744,0.08170810341835022,suspicious
0.5452480316162109,0.22666437923908234,0.5525826215744019,0.2086276262998581,0.5564993619918823,0.21061401069164276,0.5602412223815918,0.21278540790081024,0.5408087968826294,0.204420268535614,0.5365092754364014,0.2035876214504242,0.5321270823478699,0.20278331637382507,0.5562501549720764,0.22548675537109375,0.5213145613670349,0.2105596363544464,0.5438641905784607,0.2529207766056061,0.5312008857727051,0.2471107542514801,0.5741735696792603,0.3757278621196747,0.4695054888725281,0.3248251676559448,0.5537722706794739,0.5266802310943604,0.4212377965450287,0.1933470368385315,0.5582144856452942,0.6735638976097107,0.45269346237182617,0.04422728717327118,suspicious
0.5614485740661621,0.23733051121234894,0.5677932500839233,0.21654455363750458,0.5713249444961548,0.21853134036064148,0.574496328830719,0.22056113183498383,0.5528346300125122,0.21069273352622986,0.5465046167373657,0.20867636799812317,0.5402275323867798,0.206618070602417,0.5662904977798462,0.23360663652420044,0.5255864858627319,0.21099543571472168,0.5597988963127136,0.26214686036109924,0.5450112819671631,0.2546265423297882,0.5708649754524231,0.37068015336990356,0.4692569673061371,0.32134437561035156,0.5684236288070679,0.537562370300293,0.4599432051181793,0.18313387036323547,0.5875593423843384,0.6607865691184998,0.5184825658798218,0.03498295322060585,suspicious
0.5689476132392883,0.23974940180778503,0.5728765726089478,0.2214738428592682,0.5755260586738586,0.22388242185115814,0.5778709650039673,0.22619424760341644,0.5609912872314453,0.21463166177272797,0.5554921627044678,0.2124386876821518,0.549697995185852,0.21004202961921692,0.5672627091407776,0.23659850656986237,0.5292945504188538,0.21018852293491364,0.5661066770553589,0.2640485167503357,0.5521752238273621,0.25530919432640076,0.562547504901886,0.3673247992992401,0.47060543298721313,0.3006632924079895,0.5617681741714478,0.5265657305717468,0.5165718793869019,0.1776009500026703,0.5652784109115601,0.6741341352462769,0.5995368957519531,0.05722517520189285,suspicious
0.5782240629196167,0.2634027898311615,0.5778250098228455,0.24367986619472504,0.5786093473434448,0.24414709210395813,0.5793607234954834,0.2446468621492386,0.57210373878479,0.24026313424110413,0.5686992406845093,0.23846587538719177,0.5649697184562683,0.2365768402814865,0.5662825107574463,0.24633179605007172,0.54547518491745,0.2339337170124054,0.5744668841362,0.27994662523269653,0.5675429701805115,0.2750467360019684,0.5586481690406799,0.3645710051059723,0.48505276441574097,0.3028898537158966,0.541592001914978,0.5192073583602905,0.5632676482200623,0.18710096180438995,0.5204996466636658,0.6281497478485107,0.6535482406616211,0.08317147195339203,suspicious
0.5518527626991272,0.21549706161022186,0.5617443919181824,0.19742561876773834,0.5666033625602722,0.19948428869247437,0.5712687969207764,0.201432466506958,0.5449953675270081,0.19008640944957733,0.5386136174201965,0.18736927211284637,0.5321149230003357,0.18458333611488342,0.5649579167366028,0.20948056876659393,0.5154229402542114,0.18992166221141815,0.5539841651916504,0.2412572205066681,0.5354651808738708,0.23079179227352142,0.5684477686882019,0.3405648469924927,0.4529184401035309,0.2951732873916626,0.5722886323928833,0.49573999643325806,0.461275577545166,0.4237326383590698,0.5020928382873535,0.41419675946235657,0.5737810134887695,0.4051603078842163,suspicious
0.5148139595985413,0.1703547090291977,0.5253326296806335,0.1528434455394745,0.5309739708900452,0.15431003272533417,0.5365314483642578,0.15598934888839722,0.5094095468521118,0.14880438148975372,0.5033280253410339,0.14744584262371063,0.49751049280166626,0.14617140591144562,0.5403096675872803,0.16913850605487823,0.48519930243492126,0.15744324028491974,0.521658718585968,0.1923341155052185,0.5014853477478027,0.18869708478450775,0.5715779662132263,0.3092377483844757,0.42516541481018066,0.2807769477367401,0.5904089212417603,0.47402092814445496,0.3923488259315491,0.4529004395008087,0.6103085279464722,0.622222900390625,0.36624202132225037,0.6187668442726135,suspicious
0.5176582336425781,0.177058145403862,0.5279089212417603,0.1563827395439148,0.533854603767395,0.15680034458637238,0.5397277474403381,0.1572941392660141,0.5115026831626892,0.15570597350597382,0.5056084394454956,0.15590062737464905,0.4998919367790222,0.15602220594882965,0.5486366152763367,0.17114467918872833,0.4883437156677246,0.1693267971277237,0.5282411575317383,0.19814474880695343,0.5076436996459961,0.19863261282444,0.5991212129592896,0.32049885392189026,0.4416065812110901,0.3088541626930237,0.6203526258468628,0.4796900153160095,0.4106988310813904,0.46862882375717163,0.6319230794906616,0.6265540719032288,0.4158859848976135,0.6331875920295715,suspicious
0.5504366159439087,0.42185908555984497,0.5569005012512207,0.40160220861434937,0.5609217286109924,0.40220871567726135,0.5647038221359253,0.4030599594116211,0.542408287525177,0.3989275395870209,0.5363510251045227,0.3977193236351013,0.5304310917854309,0.3966965675354004,0.566044270992279,0.41110047698020935,0.520002007484436,0.4027259647846222,0.5535184741020203,0.43950536847114563,0.5358840227127075,0.4375564455986023,0.6087211966514587,0.5281605124473572,0.4469148516654968,0.5157647728919983,0.6407746076583862,0.6610167622566223,0.40510639548301697,0.6669178009033203,0.653191328048706,0.7834758162498474,0.43536263704299927,0.7654765844345093,suspicious
0.5672034621238708,0.47184982895851135,0.5722982883453369,0.45104795694351196,0.5762024521827698,0.4520171582698822,0.579658031463623,0.4532080888748169,0.5576338768005371,0.4468241035938263,0.551284670829773,0.44475656747817993,0.5451021790504456,0.4431074857711792,0.577116072177887,0.4575774073600769,0.5301496386528015,0.4455340802669525,0.568324089050293,0.4859737753868103,0.5549795031547546,0.4832834005355835,0.6147974133491516,0.5433012247085571,0.4577706456184387,0.5422227382659912,0.6443639397621155,0.6758752465248108,0.41246262192726135,0.7001048922538757,0.6617106795310974,0.8081602454185486,0.47227001190185547,0.7676085233688354,suspicious
0.46283769607543945,0.444365531206131,0.4671091139316559,0.42018237709999084,0.47146040201187134,0.41800743341445923,0.4762689471244812,0.415495902299881,0.4565190374851227,0.4210868775844574,0.4535735249519348,0.4196579158306122,0.450749933719635,0.41814491152763367,0.4908568859100342,0.40979084372520447,0.4552024304866791,0.41353803873062134,0.4750746786594391,0.458328515291214,0.4627927839756012,0.4578675925731659,0.5820010900497437,0.513213038444519,0.424191415309906,0.5102061629295349,0.644666314125061,0.6493760943412781,0.39675143361091614,0.6253697276115417,0.6139324903488159,0.7620143890380859,0.36803358793258667,0.7037726640701294,suspicious
0.42859262228012085,0.4611092805862427,0.4322208762168884,0.4292418658733368,0.43668538331985474,0.4263875186443329,0.44143542647361755,0.4238666296005249,0.4219445586204529,0.43219518661499023,0.4192729890346527,0.43153896927833557,0.4166998267173767,0.43071553111076355,0.4653478264808655,0.41142240166664124,0.42797717452049255,0.4205021858215332,0.44456130266189575,0.47180449962615967,0.43209153413772583,0.4772607982158661,0.5687270760536194,0.5109543204307556,0.40393391251564026,0.5174083709716797,0.6187050938606262,0.6723994016647339,0.3832826316356659,0.6575341820716858,0.5676407217979431,0.7694302797317505,0.34421584010124207,0.7539779543876648,suspicious
0.6143487095832825,0.39744991064071655,0.618817925453186,0.36794763803482056,0.6220474243164062,0.3677899241447449,0.6247960329055786,0.36798617243766785,0.6046386957168579,0.36643651127815247,0.597678542137146,0.3652738630771637,0.5900423526763916,0.36442801356315613,0.6103919744491577,0.37385815382003784,0.5650885105133057,0.36867937445640564,0.610776960849762,0.4182523488998413,0.5960567593574524,0.41626879572868347,0.625411331653595,0.47532594203948975,0.465589702129364,0.47380393743515015,0.6607411503791809,0.6261017322540283,0.40646401047706604,0.6595130562782288,0.7188142538070679,0.7264472246170044,0.5163888931274414,0.7295735478401184,suspicious
0.702751874923706,0.5131431221961975,0.7115575075149536,0.47000429034233093,0.7164456248283386,0.47391828894615173,0.7206937074661255,0.4742097556591034,0.6927658319473267,0.43816739320755005,0.6843839287757874,0.4335528612136841,0.6760228872299194,0.4293190836906433,0.7110145688056946,0.46651968359947205,0.6480264067649841,0.4135866165161133,0.6967805624008179,0.5261123180389404,0.6767886281013489,0.5125632882118225,0.6999949812889099,0.5117793679237366,0.5472579002380371,0.4851802885532379,0.7358430624008179,0.6952620148658752,0.4770893156528473,0.682289719581604,0.8066326379776001,0.7606826424598694,0.6055226922035217,0.7636592984199524,suspicious
0.5090129375457764,0.4352997839450836,0.5250040292739868,0.39529937505722046,0.5354958772659302,0.39403241872787476,0.5413230657577515,0.3889266848564148,0.4955875277519226,0.3827427923679352,0.4878491759300232,0.38643208146095276,0.478391170501709,0.3850129246711731,0.5552313327789307,0.39101800322532654,0.4671345353126526,0.3989863395690918,0.5309066772460938,0.46769270300865173,0.4920530319213867,0.4638480544090271,0.6201456785202026,0.5077188014984131,0.41302457451820374,0.5048444867134094,0.7090778350830078,0.6476631760597229,0.3656354546546936,0.6258546710014343,0.7130804061889648,0.8012275695800781,0.33733946084976196,0.7685864567756653,suspicious
0.3926551043987274,0.4205683171749115,0.40163859724998474,0.3711569011211395,0.4112253189086914,0.36696478724479675,0.4208253026008606,0.3616127371788025,0.376895546913147,0.38161659240722656,0.36938971281051636,0.38274505734443665,0.36249953508377075,0.3830125629901886,0.4454534947872162,0.3509597182273865,0.36530187726020813,0.37972545623779297,0.41850313544273376,0.4360055923461914,0.3884245455265045,0.45194295048713684,0.561748743057251,0.49020370841026306,0.3194219470024109,0.5006199479103088,0.6556040048599243,0.6853598356246948,0.28080326318740845,0.6749686598777771,0.5877219438552856,0.8573507070541382,0.24062633514404297,0.8231216669082642,suspicious
0.4558207094669342,0.3839775025844574,0.46796876192092896,0.33934274315834045,0.4788670539855957,0.3376937508583069,0.48728448152542114,0.335789293050766,0.43862858414649963,0.3417527973651886,0.42952996492385864,0.34103626012802124,0.4232756495475769,0.3412797152996063,0.5017885565757751,0.33572274446487427,0.4171316623687744,0.34721535444259644,0.4653531014919281,0.41009005904197693,0.4302821755409241,0.4151495695114136,0.5890475511550903,0.48114970326423645,0.3335486054420471,0.4836728274822235,0.691627562046051,0.6900175213813782,0.2729499340057373,0.6795951128005981,0.6848582029342651,0.911284327507019,0.2503816485404968,0.8577526807785034,suspicious
0.6650208830833435,0.43317022919654846,0.6838740706443787,0.3820575177669525,0.6929675340652466,0.384816437959671,0.7020663022994995,0.38756218552589417,0.6565490961074829,0.3674584925174713,0.6455405950546265,0.3585442006587982,0.6346293687820435,0.3558967411518097,0.6996278166770935,0.37877941131591797,0.6038926839828491,0.3474353551864624,0.6573351621627808,0.46901777386665344,0.6303070783615112,0.45528724789619446,0.7157975435256958,0.506865918636322,0.45370712876319885,0.47679534554481506,0.6835096478462219,0.7194126844406128,0.3594515025615692,0.7523699402809143,0.630621075630188,0.8795709013938904,0.45586004853248596,0.940186619758606,suspicious
0.7862431406974792,0.3976745903491974,0.8126106262207031,0.34975335001945496,0.8202762603759766,0.3539278209209442,0.8270220756530762,0.35721975564956665,0.7747484445571899,0.3269321024417877,0.7563181519508362,0.31722864508628845,0.7392600774765015,0.30980077385902405,0.8111544847488403,0.36834481358528137,0.6993856430053711,0.30776461958885193,0.7767233848571777,0.444673091173172,0.7354918718338013,0.4248349368572235,0.7473625540733337,0.4605563282966614,0.5303295254707336,0.47035497426986694,0.682392954826355,0.6760634183883667,0.4409322738647461,0.7735401391983032,0.6993248462677002,0.824183464050293,0.6608752012252808,0.9480197429656982,suspicious
0.7055114507675171,0.34728753566741943,0.7295905351638794,0.2868790030479431,0.741845965385437,0.290788859128952,0.7547875046730042,0.29706838726997375,0.6846268773078918,0.2736795246601105,0.6690989136695862,0.2697693109512329,0.6532745957374573,0.2659337818622589,0.7621274590492249,0.3085085153579712,0.6251917481422424,0.27250897884368896,0.7140182256698608,0.3967176675796509,0.6689263582229614,0.37890663743019104,0.7789896726608276,0.47958824038505554,0.4921691417694092,0.40938013792037964,0.7681068181991577,0.7564877867698669,0.37898439168930054,0.7333313822746277,0.7700901627540588,0.9077274203300476,0.5136460065841675,0.895546019077301,suspicious
0.5472844839096069,0.3554070293903351,0.5736494064331055,0.28809791803359985,0.589191734790802,0.28530704975128174,0.604629635810852,0.2828393876552582,0.5337164998054504,0.2907947897911072,0.5181446075439453,0.28707996010780334,0.47624993324279785,0.24431195855140686,0.6231513619422913,0.2742096483707428,0.4596325755119324,0.24977613985538483,0.572056770324707,0.39151397347450256,0.5189710259437561,0.3823864758014679,0.6869547963142395,0.46995973587036133,0.3578358590602875,0.38447755575180054,0.748900294303894,0.7325933575630188,0.2266952246427536,0.544023334980011,0.8052822351455688,0.9735708236694336,0.1647602766752243,0.7574888467788696,suspicious
0.2784558832645416,0.5471199154853821,0.303058385848999,0.46292755007743835,0.3201197683811188,0.4534355103969574,0.33720672130584717,0.44436508417129517,0.2558322846889496,0.4729485511779785,0.2382335364818573,0.4722294807434082,0.220800518989563,0.4714941084384918,0.3677412271499634,0.3874218761920929,0.19968371093273163,0.41959089040756226,0.3304455876350403,0.5237318873405457,0.25964874029159546,0.5426309108734131,0.502230167388916,0.420020192861557,0.10770191997289658,0.41449692845344543,0.5630066394805908,0.7115611433982849,0.22087688744068146,0.6706950664520264,0.5643699765205383,0.9045311212539673,0.4267215132713318,0.6891146302223206,suspicious
0.2721455991268158,0.3870393633842468,0.29420456290245056,0.29706814885139465,0.31583473086357117,0.2876196503639221,0.3372601568698883,0.2784689962863922,0.23093242943286896,0.31213805079460144,0.21252433955669403,0.31413203477859497,0.1936599314212799,0.3162255585193634,0.3712097704410553,0.24718880653381348,0.17318150401115417,0.29867738485336304,0.30659183859825134,0.4079557955265045,0.23402151465415955,0.42834359407424927,0.5234928727149963,0.40689319372177124,0.0915476530790329,0.4131165146827698,0.5902099013328552,0.8038154244422913,0.09997858852148056,0.7771924734115601,0.6058286428451538,1.14146089553833,0.21538162231445312,1.0607701539993286,suspicious
0.5585659742355347,0.2547028660774231,0.5921592116355896,0.1863560676574707,0.609125018119812,0.18949437141418457,0.6222838163375854,0.19243673980236053,0.5384889841079712,0.16362327337265015,0.520283579826355,0.15617652237415314,0.49937716126441956,0.1560891568660736,0.6230131387710571,0.2021344006061554,0.45831871032714844,0.16332565248012543,0.5632707476615906,0.3179469108581543,0.5141734480857849,0.3116580545902252,0.684127926826477,0.4143712818622589,0.2980864942073822,0.35293135046958923,0.7107226252555847,0.7658640146255493,0.1990761011838913,0.6952489018440247,0.7043042182922363,1.0611873865127563,0.3249877095222473,0.839404284954071,suspicious
0.49452242255210876,0.09860353171825409,0.5029505491256714,0.07872234284877777,0.5088930726051331,0.07896838337182999,0.5137123465538025,0.0795125886797905,0.4863341748714447,0.07858441770076752,0.47967034578323364,0.07884872704744339,0.4734428822994232,0.07944641262292862,0.5204566717147827,0.0913734883069992,0.46295294165611267,0.09071923047304153,0.5027924180030823,0.12341628223657608,0.48275360465049744,0.12432856857776642,0.5640303492546082,0.24718981981277466,0.41165661811828613,0.23675628006458282,0.578237771987915,0.40814676880836487,0.39190423488616943,0.40141016244888306,0.5847967863082886,0.5526116490364075,0.39751261472702026,0.5554762482643127,normal
0.4698726236820221,0.11128055304288864,0.4775104522705078,0.09135940670967102,0.4834611415863037,0.09176620841026306,0.48836126923561096,0.09244504570960999,0.4618437886238098,0.09132097661495209,0.4560670256614685,0.09170365333557129,0.45045796036720276,0.09227129071950912,0.49572139978408813,0.10308815538883209,0.44302940368652344,0.10239055752754211,0.47814321517944336,0.13474175333976746,0.4597136080265045,0.13568171858787537,0.5437731146812439,0.252200186252594,0.39456862211227417,0.24592117965221405,0.5568369626998901,0.4064992070198059,0.37996190786361694,0.4021969437599182,0.5675011277198792,0.5422245860099792,0.3737390637397766,0.5462208390235901,normal
0.5204900503158569,0.1163417398929596,0.5225993394851685,0.09919892251491547,0.5259953737258911,0.09989666938781738,0.5291481018066406,0.10084760934114456,0.5095463395118713,0.09806576371192932,0.5042684674263,0.09797052294015884,0.49857744574546814,0.09804847836494446,0.527044415473938,0.11263830214738846,0.4869963228702545,0.10825057327747345,0.5255645513534546,0.13948947191238403,0.5097962617874146,0.13860836625099182,0.5301309823989868,0.2475217878818512,0.4539578855037689,0.21699926257133484,0.5373647809028625,0.40489593148231506,0.4532240331172943,0.37309184670448303,0.5646132826805115,0.5244057774543762,0.4979883134365082,0.5167234539985657,normal
0.45864325761795044,0.07485805451869965,0.46707814931869507,0.05266878381371498,0.4726393222808838,0.05223854258656502,0.4777213931083679,0.051973696798086166,0.4504404067993164,0.05530538037419319,0.4443352222442627,0.05649438872933388,0.4394461214542389,0.057733405381441116,0.4890255331993103,0.06268516927957535,0.4344426095485687,0.0697845071554184,0.4717023968696594,0.0968654528260231,0.44987592101097107,0.0992601066827774,0.5556622743606567,0.22060464322566986,0.39452141523361206,0.2345251739025116,0.5849090814590454,0.37959030270576477,0.38420599699020386,0.3990713655948639,0.5842692852020264,0.5310412645339966,0.3690774440765381,0.5393437743186951,normal
0.4477390646934509,0.08364634960889816,0.4576237201690674,0.06257333606481552,0.46393418312072754,0.06267542392015457,0.47110217809677124,0.06317082047462463,0.4430602192878723,0.06272643804550171,0.43888410925865173,0.0631909891963005,0.4350273609161377,0.06381425261497498,0.48709893226623535,0.07618696242570877,0.4371353089809418,0.07636693865060806,0.45809173583984375,0.1095876693725586,0.4417874813079834,0.10972439497709274,0.5327828526496887,0.20873384177684784,0.40752729773521423,0.23949672281742096,0.5631209015846252,0.3772423565387726,0.3962368369102478,0.4026307463645935,0.5165582299232483,0.5354508757591248,0.3816162049770355,0.5454749464988708,normal
0.4649728238582611,0.07274139672517776,0.4772421419620514,0.051840104162693024,0.4842405915260315,0.052103616297245026,0.4909706115722656,0.05243171006441116,0.45980262756347656,0.05152951925992966,0.45470625162124634,0.05179000273346901,0.45077696442604065,0.05209862068295479,0.5037365555763245,0.06202862784266472,0.45433568954467773,0.06289318203926086,0.4783869683742523,0.09678556770086288,0.45749345421791077,0.09554768353700638,0.5448532700538635,0.1864330917596817,0.43793803453445435,0.22429737448692322,0.5602115392684937,0.3621336817741394,0.41834092140197754,0.39523056149482727,0.5284743905067444,0.535507082939148,0.39658695459365845,0.5392563939094543,normal
0.4484899640083313,0.10512647032737732,0.45739173889160156,0.08259221911430359,0.4624779224395752,0.08113700896501541,0.4672742486000061,0.0800415575504303,0.4477018713951111,0.08666548132896423,0.445153146982193,0.08788707107305527,0.44276389479637146,0.0889262855052948,0.4860917031764984,0.08751973509788513,0.455463171005249,0.09605486690998077,0.46018439531326294,0.1227244958281517,0.4486662447452545,0.12501519918441772,0.515496015548706,0.19632548093795776,0.481193482875824,0.21791322529315948,0.5268715620040894,0.37247493863105774,0.4973021149635315,0.3853188157081604,0.46391233801841736,0.5421374440193176,0.46195855736732483,0.5292240977287292,normal
0.4186571538448334,0.07061400264501572,0.427085816860199,0.047026265412569046,0.43134942650794983,0.046173617243766785,0.43583354353904724,0.045115068554878235,0.4177568554878235,0.04796350374817848,0.41523465514183044,0.04806305468082428,0.41201871633529663,0.04790906980633736,0.456930011510849,0.05139681324362755,0.4300672113895416,0.052444759756326675,0.4309382438659668,0.09452708065509796,0.42119312286376953,0.09684619307518005,0.46147260069847107,0.1643984466791153,0.4789312481880188,0.17466029524803162,0.44157734513282776,0.3625129461288452,0.4720310568809509,0.3689786195755005,0.40327295660972595,0.5448296070098877,0.43092718720436096,0.5206626653671265,normal
0.3979637324810028,0.10369141399860382,0.391935795545578,0.08279124647378922,0.38769543170928955,0.08230345696210861,0.38355809450149536,0.08194904029369354,0.40545016527175903,0.08228401839733124,0.41068583726882935,0.08143807202577591,0.41616278886795044,0.08060150593519211,0.3816748857498169,0.09057755768299103,0.42922264337539673,0.08826902508735657,0.39227139949798584,0.12111715227365494,0.4059906601905823,0.12236607074737549,0.336486279964447,0.21014322340488434,0.4960445463657379,0.2114211469888687,0.31095948815345764,0.39363494515419006,0.5133888721466064,0.3846744894981384,0.32330435514450073,0.5608842968940735,0.5173841714859009,0.5538965463638306,normal
0.5487010478973389,0.08908294886350632,0.5410577058792114,0.06379403918981552,0.5385015606880188,0.06304915249347687,0.5359488129615784,0.06191544607281685,0.545167863368988,0.0624629482626915,0.546939492225647,0.06104973703622818,0.545691728591919,0.05919288843870163,0.5152398347854614,0.06396882236003876,0.5247629880905151,0.06329485028982162,0.5394827127456665,0.1090572327375412,0.5426765084266663,0.10933318734169006,0.44112205505371094,0.2061377316713333,0.530025064945221,0.17545880377292633,0.4380834996700287,0.3882228136062622,0.5427769422531128,0.3766682744026184,0.4735580384731293,0.5365051627159119,0.5757059454917908,0.5455187559127808,normal
0.563035249710083,0.05677805095911026,0.5565489530563354,0.034996047616004944,0.5555527210235596,0.0352708101272583,0.5541942119598389,0.035630933940410614,0.5526172518730164,0.033307068049907684,0.5489498376846313,0.03251126408576965,0.5448288917541504,0.031871166080236435,0.5353349447250366,0.044300295412540436,0.5236718654632568,0.0410100594162941,0.5569666624069214,0.0803818479180336,0.5517451167106628,0.07957559078931808,0.5222017168998718,0.17778341472148895,0.4904099106788635,0.15805669128894806,0.5111389756202698,0.38293251395225525,0.4861293435096741,0.3548815846443176,0.552111029624939,0.5482393503189087,0.5400988459587097,0.5438082814216614,normal
0.5844375491142273,0.045084137469530106,0.5808478593826294,0.03023660182952881,0.5824957489967346,0.03125946223735809,0.5840562582015991,0.03234074264764786,0.5720394849777222,0.029985709115862846,0.5671936273574829,0.031099675223231316,0.5618714690208435,0.03249058872461319,0.5725289583206177,0.04718820005655289,0.5428529977798462,0.04744499921798706,0.5872489213943481,0.06820810586214066,0.5744756460189819,0.06794840842485428,0.5894746780395508,0.19022530317306519,0.5110759735107422,0.16472074389457703,0.6065337061882019,0.37869739532470703,0.48387908935546875,0.34741055965423584,0.6492884755134583,0.5307716727256775,0.4950029253959656,0.5480452179908752,normal
0.5809341073036194,0.07996240258216858,0.5855505466461182,0.06339310854673386,0.5901170372962952,0.0644567534327507,0.5949427485466003,0.0653848648071289,0.5713115930557251,0.06112465634942055,0.5651906132698059,0.06094270944595337,0.5586388111114502,0.06097906082868576,0.597234845161438,0.07716158777475357,0.5425900220870972,0.0722043514251709,0.5886068940162659,0.10298827290534973,0.5705296993255615,0.10092031210660934,0.6247565150260925,0.2295318990945816,0.4933958649635315,0.20477382838726044,0.6416516900062561,0.3958353102207184,0.4688452184200287,0.3784574270248413,0.6664178371429443,0.5335495471954346,0.46237310767173767,0.5460278391838074,normal
0.4505549967288971,0.08571209758520126,0.45896345376968384,0.06462796032428741,0.46595415472984314,0.06517515331506729,0.47294050455093384,0.0657188668847084,0.44197964668273926,0.06402507424354553,0.4360145032405853,0.06435327976942062,0.4306308627128601,0.06492390483617783,0.4838741421699524,0.07743634283542633,0.42673152685165405,0.07710596919059753,0.4619179666042328,0.10932400822639465,0.44227296113967896,0.10922306030988693,0.5410774946212769,0.2306590974330902,0.3848569393157959,0.2285623997449875,0.5749126672744751,0.38715288043022156,0.37097278237342834,0.3974842429161072,0.5733345746994019,0.5259707570075989,0.35993170738220215,0.5585194826126099,normal
0.4342251420021057,0.08461736887693405,0.4425583481788635,0.0610283724963665,0.4476749002933502,0.060847099870443344,0.4543236792087555,0.060843560844659805,0.4253237843513489,0.06240730732679367,0.41856759786605835,0.0632430762052536,0.4119817614555359,0.06437802314758301,0.46758705377578735,0.06996681541204453,0.4077032506465912,0.0758521556854248,0.44572481513023376,0.10814495384693146,0.427162230014801,0.1094818264245987,0.5291634798049927,0.21727421879768372,0.37815818190574646,0.2312064915895462,0.5626236200332642,0.3745959401130676,0.36256784200668335,0.4020058512687683,0.5646308064460754,0.5185986161231995,0.332289457321167,0.5565091967582703,normal
0.5173198580741882,0.08892610669136047,0.5252524614334106,0.0661657452583313,0.5307074785232544,0.06581513583660126,0.5365164875984192,0.06556932628154755,0.5083283185958862,0.06809522211551666,0.5020677447319031,0.06927952915430069,0.49580973386764526,0.0708012580871582,0.5455466508865356,0.07734598219394684,0.48906978964805603,0.0844418928027153,0.5275660157203674,0.11090313643217087,0.508674144744873,0.11385954171419144,0.6011740565299988,0.23125877976417542,0.4504457414150238,0.23644812405109406,0.6196753978729248,0.3922319710254669,0.42778244614601135,0.3981403112411499,0.629431962966919,0.5424964427947998,0.41024741530418396,0.546637773513794,normal
0.5293225049972534,0.0993078425526619,0.5379146337509155,0.07896146923303604,0.544641375541687,0.07904469966888428,0.5507916212081909,0.07924104481935501,0.5198930501937866,0.07984212040901184,0.5142681002616882,0.08082863688468933,0.5105373859405518,0.08224537968635559,0.558333158493042,0.09086737781763077,0.5047001242637634,0.09681589156389236,0.5438845157623291,0.12355530261993408,0.5191844701766968,0.12522703409194946,0.6160629391670227,0.2442351132631302,0.46410083770751953,0.24519187211990356,0.6375619173049927,0.4004562795162201,0.44387346506118774,0.4069288372993469,0.6385644674301147,0.5416579842567444,0.4291636347770691,0.5510757565498352,normal
0.48894429206848145,0.09589654952287674,0.4985222816467285,0.07701393961906433,0.5046020746231079,0.07700444757938385,0.5104713439941406,0.0773555263876915,0.48069578409194946,0.07876762747764587,0.4746628403663635,0.07973293960094452,0.46949729323387146,0.08075101673603058,0.5171054005622864,0.08955536037683487,0.4647599756717682,0.09361125528812408,0.5001275539398193,0.12229438126087189,0.47774070501327515,0.12300026416778564,0.5720178484916687,0.2406167834997177,0.4220978617668152,0.24506016075611115,0.5952286124229431,0.3968782424926758,0.404792845249176,0.4072774648666382,0.5937362313270569,0.5383961200714111,0.39048412442207336,0.5500086545944214,normal
0.47621989250183105,0.09743168950080872,0.4829534888267517,0.07837653160095215,0.4871017038822174,0.07874181121587753,0.4912092685699463,0.07913287729024887,0.46644073724746704,0.07806598395109177,0.4594443440437317,0.07845788449048996,0.45301324129104614,0.07915760576725006,0.49410152435302734,0.0898476094007492,0.4402536451816559,0.09140179306268692,0.4836721420288086,0.1220221295952797,0.46323832869529724,0.12296365201473236,0.5329541563987732,0.2452668696641922,0.39098262786865234,0.23949936032295227,0.5481249094009399,0.4000171720981598,0.3819114565849304,0.4082014262676239,0.5749804377555847,0.5345612168312073,0.38340556621551514,0.5647017359733582,normal
0.5327776670455933,0.10432244092226028,0.5363451242446899,0.0850839912891388,0.5405622124671936,0.0854259729385376,0.5445868372917175,0.08609051257371902,0.5207751989364624,0.08577653765678406,0.5148026347160339,0.08648693561553955,0.508003830909729,0.08751442283391953,0.5450253486633301,0.10080399364233017,0.4971182346343994,0.10003896802663803,0.5397330522537231,0.129164457321167,0.5215868353843689,0.12961716949939728,0.5717494487762451,0.247911274433136,0.453395277261734,0.2266731858253479,0.593548059463501,0.40438270568847656,0.4385624825954437,0.3958432078361511,0.6205236911773682,0.5319763422012329,0.4436909258365631,0.5442403554916382,normal
0.5241842865943909,0.1108141839504242,0.5327718257904053,0.09032658487558365,0.5381026864051819,0.09037209302186966,0.5433183908462524,0.0905231162905693,0.5159022212028503,0.09048489481210709,0.5103226900100708,0.09074635803699493,0.5058903098106384,0.09126228839159012,0.5503307580947876,0.10107209533452988,0.5010092854499817,0.10382752120494843,0.5355122089385986,0.1346852332353592,0.5147011280059814,0.13606701791286469,0.608903706073761,0.25245532393455505,0.45599955320358276,0.24350950121879578,0.633857786655426,0.3948555886745453,0.424654096364975,0.40511709451675415,0.6526182889938354,0.530075192451477,0.41332268714904785,0.5528783202171326,normal
0.45740848779678345,0.06439293920993805,0.4672854542732239,0.04426218941807747,0.473480761051178,0.04488386958837509,0.4793194830417633,0.04573984816670418,0.4493674337863922,0.044191353023052216,0.4433070719242096,0.04467413201928139,0.4378475546836853,0.04537545517086983,0.48708224296569824,0.05771759897470474,0.43344682455062866,0.06032619625329971,0.4683431088924408,0.0904521495103836,0.4456249177455902,0.09021230787038803,0.5466131567955017,0.22340106964111328,0.3852512538433075,0.22750036418437958,0.5807024836540222,0.3830975890159607,0.3712722957134247,0.39699819684028625,0.5808181166648865,0.5320841073989868,0.34974297881126404,0.5560113191604614,normal
0.5004922151565552,0.05149595066905022,0.5127211809158325,0.0250831488519907,0.5192931890487671,0.02451402135193348,0.5258461236953735,0.0251053087413311,0.49523577094078064,0.02780168503522873,0.48977088928222656,0.028636248782277107,0.4849310517311096,0.029416067525744438,0.5381752848625183,0.03542851656675339,0.4804990291595459,0.03640902042388916,0.5128802061080933,0.07111652195453644,0.49225226044654846,0.0725257471203804,0.6060159206390381,0.1881161630153656,0.42691072821617126,0.1823902130126953,0.6257642507553101,0.36869022250175476,0.39736098051071167,0.36266881227493286,0.6497808694839478,0.5368562340736389,0.3885767459869385,0.5362170934677124,normal
0.47696590423583984,0.038189664483070374,0.4863364100456238,0.014620372094213963,0.4930288791656494,0.016376052051782608,0.49968117475509644,0.01834939979016781,0.46914178133010864,0.01245150901377201,0.46373599767684937,0.01297694817185402,0.45870575308799744,0.013919103890657425,0.5094127058982849,0.03185909986495972,0.4518547058105469,0.024594837799668312,0.487875759601593,0.06567080318927765,0.46632471680641174,0.06411119550466537,0.5668522715568542,0.18614636361598969,0.3921591639518738,0.1822493076324463,0.5949848890304565,0.36980727314949036,0.3717264235019684,0.3650068938732147,0.6100611686706543,0.5315008759498596,0.3561079800128937,0.5441754460334778,normal
0.4842025339603424,0.056446634232997894,0.4929049015045166,0.0358586460351944,0.4991263449192047,0.036854423582553864,0.5051068067550659,0.037841297686100006,0.47503527998924255,0.03381074219942093,0.4679337441921234,0.033639661967754364,0.46010643243789673,0.033734846860170364,0.5146287679672241,0.0525054931640625,0.4478383958339691,0.05090325325727463,0.4930846095085144,0.08332660049200058,0.4707101285457611,0.08165764808654785,0.5674402713775635,0.22830837965011597,0.39165040850639343,0.21977947652339935,0.5930969715118408,0.3876431882381439,0.3765459358692169,0.39935535192489624,0.611160159111023,0.5410190224647522,0.3690818250179291,0.5671682953834534,normal
0.5171348452568054,0.09403952211141586,0.5258037447929382,0.07150602340698242,0.5313069820404053,0.07149553298950195,0.5368412733078003,0.0713651180267334,0.5083974003791809,0.07208211719989777,0.5007344484329224,0.07249496877193451,0.49376827478408813,0.07292114198207855,0.5450860261917114,0.08393534272909164,0.4807136654853821,0.08711619675159454,0.5277792811393738,0.12062323838472366,0.506806492805481,0.12199530750513077,0.6043902635574341,0.2566048204898834,0.4351813793182373,0.24848556518554688,0.6305866837501526,0.41806933283805847,0.4151841700077057,0.419987291097641,0.6555995941162109,0.5629875063896179,0.40902629494667053,0.5837618112564087,normal
0.4939265847206116,0.09404686093330383,0.5054110288619995,0.06907296180725098,0.5136928558349609,0.06906541436910629,0.5208832621574402,0.06894382834434509,0.4811617434024811,0.06935430318117142,0.4735567569732666,0.0700271874666214,0.4679933488368988,0.07092104852199554,0.5297137498855591,0.07979871332645416,0.460935115814209,0.08473563194274902,0.5092642903327942,0.1242295578122139,0.47971534729003906,0.12437273561954498,0.6092475652694702,0.2688746750354767,0.4091413617134094,0.27392441034317017,0.6346674561500549,0.46827518939971924,0.3872588872909546,0.4861301779747009,0.6419657468795776,0.6323962807655334,0.364604115486145,0.6643016934394836,normal
0.47135505080223083,0.04077589139342308,0.4820291996002197,0.011697174981236458,0.4899579882621765,0.012531310319900513,0.4977046847343445,0.01356818899512291,0.460432767868042,0.009386703372001648,0.4535122513771057,0.008699405007064342,0.44715872406959534,0.008409879170358181,0.5090243816375732,0.023929709568619728,0.4374585747718811,0.017028946429491043,0.4835478365421295,0.06630466133356094,0.4593121409416199,0.0666075199842453,0.5815242528915405,0.17855170369148254,0.3753838837146759,0.1732671558856964,0.614534854888916,0.41550353169441223,0.3445211946964264,0.4011076092720032,0.6489831209182739,0.5973556637763977,0.3394163250923157,0.6258421540260315,normal
0.5070513486862183,0.02891862392425537,0.5374086499214172,-0.045078396797180176,0.5561366081237793,-0.0369952917098999,0.5652469396591187,-0.031708478927612305,0.4858580529689789,-0.06245064735412598,0.4678700864315033,-0.06571459770202637,0.44837188720703125,-0.06914234161376953,0.5624041557312012,-0.009840130805969238,0.40714961290359497,-0.04889833927154541,0.5143486857414246,0.12253832817077637,0.4476402699947357,0.09399867057800293,0.6167420148849487,0.3789685070514679,0.20013418793678284,0.33341342210769653,0.6673493981361389,0.7971022129058838,-0.016686201095581055,0.783620297908783,0.680321455001831,1.1650111675262451,0.12624354660511017,0.594910204410553,normal
0.498382568359375,0.02850746363401413,0.5237852931022644,-0.04518691450357437,0.5386062860488892,-0.03750418499112129,0.5482025742530823,-0.032461803406476974,0.47765761613845825,-0.062443625181913376,0.46056613326072693,-0.06572283804416656,0.44231027364730835,-0.06916428357362747,0.5428599119186401,-0.010789136402308941,0.3980921506881714,-0.048513658344745636,0.5079241394996643,0.1109296977519989,0.44764551520347595,0.09375928342342377,0.5912156105041504,0.37313947081565857,0.19557513296604156,0.33247846364974976,0.6101824045181274,0.7928899526596069,0.0023699181620031595,0.7842538952827454,0.6153458952903748,1.1328322887420654,0.15877963602542877,0.6048908233642578,normal
0.4411669671535492,0.3114939033985138,0.46035417914390564,0.27586397528648376,0.47122010588645935,0.2765473425388336,0.48129892349243164,0.2781371474266052,0.4284467101097107,0.27603787183761597,0.41831302642822266,0.2767700254917145,0.40867456793785095,0.27856528759002686,0.4939171373844147,0.29883021116256714,0.4034370481967926,0.3021382987499237,0.460104376077652,0.3494352698326111,0.4224413335323334,0.35245195031166077,0.5804194211959839,0.5538415312767029,0.31727930903434753,0.5362163782119751,0.6279768347740173,0.80703204870224,0.2559090852737427,0.8100192546844482,0.6704996824264526,1.0472993850708008,0.21453046798706055,1.0773811340332031,normal
0.43084660172462463,0.2619011104106903,0.4434499144554138,0.23143163323402405,0.4518614709377289,0.2326153814792633,0.4596778452396393,0.23442016541957855,0.41653627157211304,0.2314707636833191,0.40754398703575134,0.23231427371501923,0.3986513614654541,0.2339106947183609,0.4668617248535156,0.2616562247276306,0.38306647539138794,0.2633209526538849,0.44820380210876465,0.30044808983802795,0.4124210476875305,0.3044126331806183,0.5537642240524292,0.5315421223640442,0.2838313579559326,0.5031238198280334,0.588898241519928,0.7997713088989258,0.23439112305641174,0.8020032048225403,0.6438915729522705,1.0514692068099976,0.18001261353492737,1.058626651763916,normal
0.38642439246177673,0.22973673045635223,0.40325435996055603,0.19964952766895294,0.41409406065940857,0.202178493142128,0.4241376519203186,0.20537425577640533,0.3739887773990631,0.19821135699748993,0.364663302898407,0.19938917458057404,0.3557835817337036,0.2011883407831192,0.4366544187068939,0.23742318153381348,0.3479558527469635,0.23001787066459656,0.4082868695259094,0.2758234143257141,0.36671870946884155,0.27556782960891724,0.5246768593788147,0.525615930557251,0.24466368556022644,0.47484901547431946,0.5507259964942932,0.8078752756118774,0.1807336062192917,0.7746779918670654,0.5834439992904663,1.046881079673767,0.12672340869903564,1.0319103002548218,normal
0.40698614716529846,0.2155524641275406,0.4256877899169922,0.1848602592945099,0.4359390139579773,0.1873207539319992,0.4460934102535248,0.19079579412937164,0.3945894241333008,0.18439491093158722,0.3841364085674286,0.1862320601940155,0.3750744163990021,0.1887325495481491,0.4649065434932709,0.22548168897628784,0.3729304373264313,0.21912223100662231,0.43024054169654846,0.2623942792415619,0.38993096351623535,0.26070478558540344,0.5803080797195435,0.5104562640190125,0.27991628646850586,0.4802342653274536,0.6665043830871582,0.7802095413208008,0.19963446259498596,0.7784758806228638,0.6860431432723999,1.0337132215499878,0.14452971518039703,1.0183205604553223,normal
0.5179389119148254,0.2614857256412506,0.5365701913833618,0.22468216717243195,0.547356128692627,0.22558213770389557,0.5585733652114868,0.22699208557605743,0.5076576471328735,0.2241218239068985,0.4971018433570862,0.22452384233474731,0.48654794692993164,0.2257220596075058,0.5760025382041931,0.24770940840244293,0.4777156710624695,0.24681997299194336,0.5348003506660461,0.3042721450328827,0.5026620626449585,0.30444228649139404,0.6673461198806763,0.5096985101699829,0.39250174164772034,0.49944618344306946,0.7322751879692078,0.752076268196106,0.34992146492004395,0.7928310632705688,0.7784266471862793,0.9536359906196594,0.3465902507305145,1.0268299579620361,normal
0.5085011124610901,0.28748178482055664,0.5294986367225647,0.24832198023796082,0.5419445037841797,0.24751895666122437,0.5540068745613098,0.24749448895454407,0.4990317225456238,0.2513580322265625,0.4907507002353668,0.2524124085903168,0.48372411727905273,0.2538937032222748,0.5750647783279419,0.26953715085983276,0.4838412404060364,0.2769465148448944,0.5361875891685486,0.3275444209575653,0.49551254510879517,0.3304453492164612,0.6853899955749512,0.5168558955192566,0.41311970353126526,0.5451009273529053,0.8014501333236694,0.6937624216079712,0.3731379806995392,0.8254192471504211,0.7644952535629272,0.5079784393310547,0.35216444730758667,1.0149844884872437,normal
0.4117525517940521,0.31675514578819275,0.4273330569267273,0.27899080514907837,0.43866094946861267,0.2784246504306793,0.4500705301761627,0.27795740962028503,0.4020475745201111,0.2805249094963074,0.3946390151977539,0.28140130639076233,0.386862188577652,0.2832559645175934,0.4805759787559509,0.2961162328720093,0.3916729986667633,0.3045784831047058,0.43572378158569336,0.3530734181404114,0.40378251671791077,0.3574066758155823,0.5934246778488159,0.542271614074707,0.3179298937320709,0.5707138776779175,0.6388062238693237,0.8421173691749573,0.2641441822052002,0.8337270021438599,0.6109002232551575,1.074858546257019,0.22197532653808594,1.0738962888717651,normal
0.4574093222618103,0.3723130524158478,0.47707757353782654,0.34411701560020447,0.4862361550331116,0.3456439971923828,0.49449506402015686,0.34736382961273193,0.44984450936317444,0.34170272946357727,0.4397817552089691,0.34182208776474,0.4303301274776459,0.34235110878944397,0.5068331956863403,0.3666575849056244,0.4249371588230133,0.35902926325798035,0.47267037630081177,0.4095926582813263,0.4396982789039612,0.40793097019195557,0.597159743309021,0.5777205228805542,0.34877294301986694,0.5778500437736511,0.6978636980056763,0.8104496002197266,0.20836205780506134,0.77649986743927,0.6686038970947266,0.8188995718955994,0.38286545872688293,0.7832942605018616,normal
0.5113261342048645,0.4103245735168457,0.5284898281097412,0.3847578465938568,0.5361941456794739,0.38586509227752686,0.5444666147232056,0.3871968686580658,0.5022693872451782,0.38460496068000793,0.4933165907859802,0.3855396509170532,0.4839223325252533,0.38676297664642334,0.559980034828186,0.4094927906990051,0.4809287190437317,0.4049539864063263,0.530213475227356,0.4451656937599182,0.4976740777492523,0.445852130651474,0.6357071399688721,0.584364116191864,0.42886027693748474,0.5898303985595703,0.7111417055130005,0.749098002910614,0.3754398822784424,0.776826798915863,0.5595272183418274,0.6707916259765625,0.5113767981529236,0.7084932923316956,normal
0.4814912676811218,0.40152642130851746,0.49635547399520874,0.375156432390213,0.5056807398796082,0.3759714961051941,0.5150588154792786,0.37728291749954224,0.4684121012687683,0.3744330108165741,0.4594728350639343,0.37486007809638977,0.4528172016143799,0.3759602904319763,0.5269074440002441,0.39429786801338196,0.44732576608657837,0.3978632092475891,0.4984796643257141,0.4362269341945648,0.4644472599029541,0.43700486421585083,0.6134766936302185,0.5823549032211304,0.38412973284721375,0.6018005013465881,0.6508046984672546,0.8178361058235168,0.3027189075946808,0.8142196536064148,0.46109843254089355,0.7903472185134888,0.4142409861087799,0.883289635181427,normal
0.4174269139766693,0.36996713280677795,0.4313172698020935,0.3399637043476105,0.44087567925453186,0.34032657742500305,0.45055675506591797,0.34100064635276794,0.4049369692802429,0.34058985114097595,0.397905170917511,0.34143173694610596,0.39170244336128235,0.3425159156322479,0.4645206034183502,0.3627275824546814,0.38714689016342163,0.36558452248573303,0.4368759095668793,0.40255630016326904,0.4028322100639343,0.40483275055885315,0.5532189011573792,0.5743259787559509,0.31066179275512695,0.5918304324150085,0.589339554309845,0.7936729788780212,0.23414163291454315,0.8170000314712524,0.5931690335273743,0.9006854295730591,0.19561852514743805,1.0279688835144043,normal
0.4997575283050537,0.3505662977695465,0.51190185546875,0.32491815090179443,0.5199335217475891,0.32681164145469666,0.527560293674469,0.3289918303489685,0.4872974455356598,0.3241097331047058,0.4772726595401764,0.32511380314826965,0.4667959213256836,0.3265627920627594,0.5356757044792175,0.35305550694465637,0.45169129967689514,0.3512459397315979,0.5109605193138123,0.38721126317977905,0.48109641671180725,0.3858232796192169,0.6063615083694458,0.5751168131828308,0.36913374066352844,0.5655314326286316,0.6650281548500061,0.8026283383369446,0.32619649171829224,0.8131255507469177,0.7134020924568176,0.8987560272216797,0.332148015499115,0.9912275075912476,normal
0.5542879104614258,0.33954334259033203,0.5699357986450195,0.31672388315200806,0.5783472061157227,0.31908559799194336,0.5863308906555176,0.3211561441421509,0.5443316102027893,0.31078609824180603,0.5349502563476562,0.30970466136932373,0.5252415537834167,0.30944663286209106,0.5914415121078491,0.34308916330337524,0.5096238255500793,0.33340516686439514,0.563281238079071,0.3761647939682007,0.5339680314064026,0.3726768493652344,0.6376882791519165,0.5557708144187927,0.42567166686058044,0.53475421667099,0.6786839365959167,0.780394434928894,0.3777279257774353,0.7917947769165039,0.7158393263816833,0.8717061281204224,0.3813077509403229,1.0226620435714722,normal
0.5608320236206055,0.11617411673069,0.5760794878005981,0.08165886253118515,0.5833497643470764,0.08579190820455551,0.5898175239562988,0.08963346481323242,0.5463557243347168,0.07033884525299072,0.5320133566856384,0.067328542470932,0.5183128714561462,0.06404547393321991,0.5868879556655884,0.10959357768297195,0.4797878861427307,0.08098036795854568,0.5617415904998779,0.1643598973751068,0.5252153277397156,0.15944790840148926,0.6026557087898254,0.39714115858078003,0.34914588928222656,0.3529578447341919,0.6041334271430969,0.7308784127235413,0.21349363029003143,0.6697395443916321,0.5961926579475403,0.9628981351852417,0.09472259134054184,0.9689522981643677,normal
0.5583909749984741,0.026189235970377922,0.5815126895904541,-0.00793024804443121,0.5912500023841858,-0.001214109594002366,0.6015612483024597,0.005451733246445656,0.5444012880325317,-0.02263992466032505,0.5275651812553406,-0.02562808059155941,0.5112279057502747,-0.027672959491610527,0.5920077562332153,0.0347013846039772,0.4616696834564209,-0.006919436622411013,0.5554676055908203,0.08346278220415115,0.5221000909805298,0.07509224116802216,0.6038760542869568,0.3273044526576996,0.29853174090385437,0.26443302631378174,0.6369651556015015,0.6537138223648071,0.08698518574237823,0.592215359210968,0.6599725484848022,0.8681947588920593,0.03872048482298851,0.7486165165901184,normal
0.49648284912109375,0.1375855803489685,0.5114973783493042,0.10561364144086838,0.5211341381072998,0.10774438828229904,0.5303415656089783,0.10983950644731522,0.48332539200782776,0.10060346126556396,0.47305431962013245,0.10025429725646973,0.4630811810493469,0.10060834884643555,0.5371865630149841,0.1252957582473755,0.4452274739742279,0.1183280274271965,0.5079806447029114,0.17565666139125824,0.4777624011039734,0.1703847497701645,0.6002844572067261,0.3493553400039673,0.3610704839229584,0.3435811996459961,0.638688862323761,0.6391841173171997,0.32898595929145813,0.6509659290313721,0.6592890024185181,0.8622167706489563,0.2971845865249634,0.9223953485488892,normal
0.41413769125938416,0.4171268045902252,0.4245928227901459,0.3991062045097351,0.43150725960731506,0.39924752712249756,0.43815097212791443,0.39997631311416626,0.404954731464386,0.40133124589920044,0.3984188735485077,0.4028664827346802,0.39379647374153137,0.40419331192970276,0.4484807848930359,0.4163448214530945,0.3896321654319763,0.42080435156822205,0.4289262890815735,0.44282296299934387,0.4018208086490631,0.44337478280067444,0.5067044496536255,0.5783308744430542,0.34104037284851074,0.5827349424362183,0.5110768675804138,0.766531229019165,0.304527223110199,0.7628688812255859,0.5241407752037048,0.9195025563240051,0.2943689525127411,0.9225034117698669,normal
0.4406948685646057,0.4237139821052551,0.45071038603782654,0.4034886062145233,0.4565785527229309,0.40428879857063293,0.4631989896297455,0.4058138430118561,0.4327099323272705,0.40374335646629333,0.4261975884437561,0.4046289026737213,0.41900306940078735,0.40584003925323486,0.4741465449333191,0.42309805750846863,0.4133385121822357,0.42070257663726807,0.4523300528526306,0.4493008553981781,0.42914754152297974,0.44882476329803467,0.5297907590866089,0.5900020003318787,0.3656363785266876,0.5724561810493469,0.5605544447898865,0.7753304243087769,0.337022066116333,0.7490937113761902,0.5782230496406555,0.9236546158790588,0.3295360207557678,0.9050842523574829,normal
0.4142175614833832,0.4225906431674957,0.4241321086883545,0.4028179943561554,0.43151187896728516,0.40296491980552673,0.4384423792362213,0.40351402759552,0.40479978919029236,0.4045947194099426,0.39956480264663696,0.40582114458084106,0.39538052678108215,0.4073757231235504,0.4505143165588379,0.41932806372642517,0.3924795687198639,0.42367640137672424,0.43008914589881897,0.4484925866127014,0.40402308106422424,0.4496077001094818,0.510501503944397,0.5780510306358337,0.3478153944015503,0.5777016282081604,0.5212808847427368,0.7570428848266602,0.3154989778995514,0.7558586597442627,0.5356873273849487,0.9103119969367981,0.29944151639938354,0.9157705307006836,normal
0.42086729407310486,0.40206989645957947,0.4329627454280853,0.3803417980670929,0.4390455186367035,0.38061782717704773,0.44539007544517517,0.38135233521461487,0.41464343667030334,0.3810810148715973,0.4080851078033447,0.3817507326602936,0.4020499587059021,0.38276198506355286,0.4591975212097168,0.39702263474464417,0.39994677901268005,0.3973425626754761,0.4342970848083496,0.4276927411556244,0.41157475113868713,0.4289410710334778,0.5185355544090271,0.5568822622299194,0.3536891043186188,0.5636011958122253,0.5555824637413025,0.7392565011978149,0.3243865668773651,0.7408353686332703,0.5681744813919067,0.8945720195770264,0.2939438819885254,0.8887191414833069,normal
0.4586467146873474,0.3585606515407562,0.47076305747032166,0.33510395884513855,0.47945231199264526,0.3356836140155792,0.48714494705200195,0.3368420898914337,0.4494263529777527,0.3357749581336975,0.4428789019584656,0.33667460083961487,0.4376557767391205,0.33815234899520874,0.4966314733028412,0.35259339213371277,0.4341544210910797,0.3537738621234894,0.47285962104797363,0.3874320983886719,0.4460865557193756,0.38726913928985596,0.5629838705062866,0.5224319100379944,0.3790297508239746,0.5333398580551147,0.5824006795883179,0.7257476449012756,0.3534335494041443,0.7287611365318298,0.5841481685638428,0.9007059335708618,0.332037091255188,0.9139448404312134,normal
